Bio-Rad,,,,,,
End User Configuration Form,,,,,Card Details,
Config Name,CBIO1-Lk10014,,,,Card Type,50D8-Lk10014
Config ID,24,,,,
STEP 1: Hardware			,,,,,Bitstream,W37-4
Wiegand/OSDP,ET10,ET20,ET25,,Facility Code,21
-2WS,No,No,No,,Starting Badge,
-3WS,No,No,No,,Notes,
-6WS,No,No,No,,,
-7WS,Yes,Yes,Yes,,,
,,,,,,
F2F,ET10,ET20,ET25,,,
-7FM,No,No,No,,Part Numbers,
,,,,,,
MCLP,ET10,ET20,ET25,,,
-7FM,No,No,No,,,
,,,,,Notes/Other Products,
STEP 2: Custom Keyset,,,,,,
Custom Keyset,,Enabled,,,,
Keyset ID,,Lk10014,,,,
LEAF Customer Code (Decimal),,15,,,,
STEP 3: AV + Output Formats,,,,,,
Wiegand/OSDP,,,,,,
Idle LED,,Red,,,,
Credential Report LED,,Green,,,,
Beeper,,On,,,,
Keypad Format,,8-bit,,,,
Tamper Monitoring,,On,,,,
F2F,,,,,,
Casi Output Format,,CASI-4002,,,,
Supervision State,,2-State,,,,
Tamper Monitoring,,On,,,,
STEP 4: High Frequency (HF),,,,,,
Leaf Application,,Leaf CC,,,,
Other Custom HF Application,,None,,,,
"Custom
Application
Notes",,,,,,
,,,,,,
,,,,,,
STEP 5: Card Serial Number (CSN),,,,,,
MFC CSN,,Off,,,,
EV1/EV2 CSN,,Off,,,,
iClass CSN,,Off,,,,
ISO15693 CSN,,Off,,,,
ISO14443A CSN,,Off,,,,
STEP 6: Low Frequency (LF),,,,,,
FSK Prox,,On,,,,
ASK Prox,,On,,,,
Prox Filter,,,,,,
Prox Filter,,On,,,,
"Prox
Filter
Description","Ignore credentials with W37-4, and facility code 21",,,,,
,,,,,,
,,,,,,
STEP 7: Mobile,,,,,,
BLE Advertising Config,,WaveLynx (ETHS),,,,
BLE Functionality,,Admin Only,,,,
NFC Functionality,,Disabled,,,,
Mobile Keyset,,WaveLynx Transport,,,,
"Legacy Credentials (Sym Blue, Brivo)",,Off,,,,
Transport Mode,,On,,,,
ECP DESFire,,Disabled,,,,
ECP TCI,,,,,,
Mobile Notes,,,,,,
STEP 8: Part Numbers,,,,,,
"Assigned 
Part Numbers",,,,,,