Leggett & Platt,,,,,
End User Configuration Form,,,,,
Config Name,CLP1-Lk10024,,,,Notes/Other Products
Config ID,45,,,,
STEP 1: Hardware,,,,,
Wiegand/OSDP,ET10,ET20,ET25,,
-2WS,No,No,No,,
-3WS,Yes,Yes,Yes,,
-6WS,No,No,No,,
-7WS,Yes,Yes,Yes,,
,,,,,
F2F,ET10,ET20,ET25,,
-7FM,No,No,No,,
,,,,,
MCLP,ET10,ET20,ET25,,
-7FM,No,No,No,,
,,,,,
STEP 2: Custom Keyset,,,,,
Custom Keyset (LEAF Cc),,Enabled,,,
Keyset ID (LkXXXXX),,Lk10024,,,
LEAF Customer Code (Decimal),,40,,,
STEP 3: AV + Output Formats,,,,,
Wiegand/OSDP,,,,,
Idle LED,,Red,,,
Credential Report LED,,Green,,,
Beeper,,On,,,
Keypad Format,,8-bit,,,
Tamper Monitoring,,On,,,
F2F,,,,,
Casi Output Format,,CASI-4002,,,
Supervision State,,2-State,,,
Tamper Monitoring,,On,,,
STEP 4: High Frequency (HF),,,,,
Leaf Si Application (Kv1),,None,,,
Leaf Cc Application (Kc1),,Leaf Cc,,,
Other Custom HF Application,,None,,,
"Custom
Application
Notes",Lk10024,,,,
,,,,,
,,,,,
STEP 5: Card Serial Number (CSN),,,,,
MFC CSN,,Off,Standard,,
EV1/EV2 CSN,,Off,Standard,,
iClass CSN,,Off,Standard,,
ISO15693 CSN,,Off,Standard,,
ISO14443A CSN,,Off,,,
STEP 6: Low Frequency (LF),,,,,
FSK Prox,,On,,,
ASK Prox,,On,,,
Prox Filter,,,,,
Prox Filter,,Off,,,
"Prox
Filter
Description",,,,,
,,,,,
,,,,,
STEP 7: Mobile,,,,,
BLE Advertising Config,,WaveLynx (ETHS),,,
BLE Functionality,,Admin + Credentials,,,
NFC Functionality,,Enabled,,,
Mobile Keyset,,Wavelynx Transport,,,
"Legacy Credentials (Sym Blue, Brivo)",,Off,,,
Transport Mode,,On,,,
ECP DESFire,,Disabled,,,
ECP TCI,,,,,
Mobile Notes,,,,,
STEP 8: Part Numbers,,,,,
"Assigned 
Part Numbers","ETXX-7WS-CLP1-Lk10024
ETXX-3WS-CLP1-Lk10024",,,,