 PDK,,,,,,
End User Configuration Form,,,,,Card Details,
Config Name,CPK1,,,,Card Type,
Config ID,61,,,,Bitstream,W30-T
STEP 1: Hardware,,,,,Facility Code,
Wiegand/OSDP,ET10,ET20,ET25,,Starting Badge,
-2WS,Yes,Yes,Yes,,Notes,
-3WS,Yes,Yes,Yes,,NS020,
-6WS,Yes,Yes,Yes,,,
-7WS,Yes,Yes,Yes,,,
,,,,,,
F2F,ET10,ET20,ET25,,Part Numbers,
-7FM,No,No,No,,,
,,,,,,
MCLP,ET10,ET20,ET25,,,
-7FM,No,No,No,,Notes/Other Products,
,,,,,,
STEP 2: Custom Keyset,,,,,,
Custom Keyset (LEAF Cc),,Enabled,,,,
Keyset ID (LkXXXXX),,Lk50003,,,,
LEAF Customer Code (Decimal),,51,,,,
STEP 3: AV + Output Formats,,,,,,
Wiegand/OSDP,,,,,,
Idle LED,,Red,,,,
Credential Report LED,,Green,,,,
Beeper,,On,,,,
Keypad Format,,8-bit,,,,
Tamper Monitoring,,On,,,,
F2F,,,,,,
Casi Output Format,,CASI-4002,,,,
Supervision State,,2-State,,,,
Tamper Monitoring,,On,,,,
STEP 4: High Frequency (HF),,,,,,
Leaf Si Application (Kv1),,Leaf Si,,,,
Leaf Cc Application (Kc1),,Leaf Cc,,,,
Other Custom HF Application,,None,,,,
"Custom
Application
Notes",Kc1 of Lk50003 and Kv1 of Lk00001,,,,,
,,,,,,
,,,,,,
STEP 5: Card Serial Number (CSN),,,,,,
MFC CSN,,On,CSN_32_BIT_MSB,,,
EV1/EV2 CSN,,On,CSN_32_BIT_MSB,,,
iClass CSN,,On,CSN_32_BIT_MSB,,,
ISO15693 CSN,,On,CSN_32_BIT_MSB,,,
ISO14443A CSN,,On,,,,
STEP 6: Low Frequency (LF),,,,,,
FSK Prox,,On,,,,
ASK Prox,,On,,,,
Prox Filter,,,,,,
Prox Filter,,On,,,,
"Prox
Filter
Description",Ignore all 30-bit credentials,,,,,
,,,,,,
,,,,,,
STEP 7: Mobile,,,,,,
BLE Advertising Config,,Unique (Differs),,,,
BLE Functionality,,Admin + Credentials,,,,
NFC Functionality,,Enabled,,,,
Mobile Keyset,,Custom,,,,
"Legacy Credentials (Sym Blue, Brivo)",,Off,,,,
Transport Mode,,Off,,,,
ECP DESFire,,Disabled,,,,
ECP TCI,,1,,,,
Apple Meridian Bit Count,,1,,,,
MiFare2Go,,Disabled,,,,
MiFare2Go DFNAME,,1,,,,
Mobile Notes,Mk50003,,,,,
STEP 8: Part Numbers,,,,,,
"Assigned 
Part Numbers",ETxx-7WS-CPK1-LMK50003,,,,,