"RCC (Realpage, Chirp)",,,,,
OEM Configuration Form,,,,,
Config Name,CRC1-Lk50004,,,,Notes/Other Products
Config ID,59,,,,
STEP 1: Hardware,,,,,"- iClass and ISO15693 reported as 56-bit output (Least significant 7 bytes of CSN Most significant byte of CSN is truncated)

- Contains Kc1 of Lk50004 and Ks1 of Lk00001 (Standard WaveLynx Key, AKA LEAF Si)"
Wiegand/OSDP,ET10,ET20,ET25,,
-2WS,No,No,No,,
-3WS,No,No,No,,
-6WS,No,No,No,,
-7WS,Yes,Yes,Yes,,
,,,,,
F2F,ET10,ET20,ET25,,
-7FM,No,No,No,,
,,,,,
MCLP,ET10,ET20,ET25,,
-7FM,No,No,No,,
,,,,,
STEP 2: Custom Keyset,,,,,
Custom Keyset,,Enabled,,,
Keyset ID,,Lk50004,,,
LEAF Customer Code (Decimal),,53,,,
STEP 3: AV + Output Formats,,,,,
Wiegand/OSDP,,,,,
Idle LED,,Red,,,
Credential Report LED,,Green,,,
Beeper,,On,,,
Keypad Format,,8-bit,,,
Tamper Monitoring,,On,,,
F2F,,,,,
Casi Output Format,,CASI-4002,,,
Supervision State,,2-State,,,
Tamper Monitoring,,On,,,
STEP 4: High Frequency (HF),,,,,
Leaf Application,,Leaf Si,,,
Other Custom HF Application,,None,,,
"Custom
Application
Notes",Lk50004,,,,
,,,,,
,,,,,
STEP 5: Card Serial Number (CSN),,,,,
MFC CSN,,On,,,
EV1/EV2 CSN,,On,,,
iClass CSN,,On,,,
ISO15693 CSN,,On,,,
ISO14443A CSN,,On,,,
STEP 6: Low Frequency (LF),,,,,
FSK Prox,,On,,,
ASK Prox,,On,,,
Prox Filter,,,,,
Prox Filter,,On,,,
"Prox
Filter
Description",Ignores W36-8 format with FC: 7,,,,
,,,,,
,,,,,
STEP 7: Mobile,,,,,
BLE Advertising Config,,WaveLynx (ETHS),,,
BLE Functionality,,Admin + Credentials,,,
NFC Functionality,,Enabled,,,
Mobile Keyset,,WaveLynx Transport,,,
"Legacy Credentials (Sym Blue, Brivo)",,Off,,,
Transport Mode,,On,,,
ECP DESFire,,Disabled,,,
ECP TCI,,,,,
Mobile Notes,Use MyPass server / keys with Realpage custom mobile app,,,,
STEP 8: Part Numbers,,,,,
"Assigned 
Part Numbers", ETxx-7WS-CRC1-Lk50004,,,,