Volvo,,,,,,
End User Configuration Form,,,,,Card Details,
Config Name,CVV1,,,,Card Type,LEAF Cc (50HX)
Config ID,55,,,,Bitstream,W37-1
STEP 1: Hardware,,,,,Facility Code,N/A
Wiegand/OSDP,ET10,ET20,ET25,,Starting Badge,"1,050,000"
-2WS,No,No,No,,Notes,
-3WS,No,No,No,,,
-6WS,No,No,No,,,
-7WS,Yes,Yes,Yes,,,
,,,,,,
F2F,ET10,ET20,ET25,,Part Numbers,
-7FM,No,No,No,,,
,,,,,,
MCLP,ET10,ET20,ET25,,,
-7FM,No,No,No,,Notes/Other Products,
,,,,,"Volvo currently uses W35-0 format. They do not know what card BID's they have ordered. To guarantee no duplicated cards, we will start at BID 1,050,000. This is larger than the greatest possible Corp 1000 BID.
",
STEP 2: Custom Keyset,,,,,,
Custom Keyset (LEAF Cc),,Enabled,,,,
Keyset ID (LkXXXXX),,Lk10036,,,,
LEAF Customer Code (Decimal),,42,,,,
STEP 3: AV + Output Formats,,,,,,
Wiegand/OSDP,,,,,,
Idle LED,,Red,,,,
Credential Report LED,,Green,,,,
Beeper,,On,,,,
Keypad Format,,8-bit,,,,
Tamper Monitoring,,On,,,,
F2F,,,,,,
Casi Output Format,,CASI-4002,,,,
Supervision State,,2-State,,,,
Tamper Monitoring,,On,,,,
STEP 4: High Frequency (HF),,,,,,
Leaf Si Application (Kv1),,None,,,,
Leaf Cc Application (Kc1),,Leaf Cc,,,,
Other Custom HF Application,,None,,,,
"Custom
Application
Notes",KC1 of LK10036,,,,,
,,,,,,
,,,,,,
STEP 5: Card Serial Number (CSN),,,,,,
MFC CSN,,On,CSN_32_BIT_MSB,,,
EV1/EV2 CSN,,Off,CSN_32_BIT_MSB,,,
iClass CSN,,Off,CSN_32_BIT_MSB,,,
ISO15693 CSN,,Off,CSN_32_BIT_MSB,,,
ISO14443A CSN,,Off,,,,
STEP 6: Low Frequency (LF),,,,,,
FSK Prox,,On,,,,
ASK Prox,,Off,,,,
Prox Filter,,,,,,
Prox Filter,,Off,,,,
"Prox
Filter
Description",,,,,,
,,,,,,
,,,,,,
STEP 7: Mobile,,,,,,
BLE Advertising Config,,WaveLynx (ETHS),,,,
BLE Functionality,,Admin + Credentials,,,,
NFC Functionality,,Enabled,,,,
Mobile Keyset,,WaveLynx Transport,,,,
"Legacy Credentials (Sym Blue, Brivo)",,Off,,,,
Transport Mode,,On,,,,
ECP DESFire,,Disabled,,,,
ECP TCI,,,,,,
Apple Meridian Bit Count,,,,,,
MiFare2Go,,Disabled,,,,
MiFare2Go DFNAME,,,,,,
Mobile Notes,,,,,,
STEP 8: Part Numbers,,,,,,
"Assigned 
Part Numbers",ETXX-7WS-CVV1-Lk10036,,,,,